{
  "exceedanceModel": "TRUNCATION_UPPER_ONLY",
  "truncationLevel": 2.0,
  "defaultImls": [
    0.002,
    0.004,
    0.007,
    0.011,
    0.017,
    0.025,
    0.040,
    0.060,
    0.085,
    0.13,
    0.19,
    0.29,
    0.43,
    0.65,
    0.97,
    1.5,
    2.2,
    3.3,
    5.0,
    7.4
  ],
  "customImls": {
    "PGA":   [0.0050, 0.0070, 0.0098, 0.0137, 0.0192, 0.0269, 0.0376, 0.0527, 0.0738, 0.103, 0.145, 0.203, 0.284, 0.397, 0.556, 0.778, 1.09, 1.52, 2.2, 3.3],
    "SA0P2": [0.0050, 0.0075, 0.0113, 0.0169, 0.0253, 0.0380, 0.0570, 0.0854, 0.128, 0.192, 0.288, 0.432, 0.649, 0.973, 1.46, 2.19, 3.28, 4.92, 7.38],
    "SA1P0": [0.0025, 0.00375, 0.00563, 0.00844, 0.0127, 0.0190, 0.0285, 0.0427, 0.0641, 0.0961, 0.144, 0.216, 0.324, 0.487, 0.730, 1.09, 1.64, 2.46, 3.69, 5.54]
  },
  "deagg": {
    "rMin": 0.0,
    "rMax": 100.0,
    "Δr": 10.0,
    "mMin": 5.0,
    "mMax": 7.0,
    "Δm": 0.1,
    "εMin": -3.0,
    "εMax": 3.0,
    "Δε": 0.5
  },
  "sites": [
    {
    "name": "Test Site 1",
    "location": [-111.9, 40.75],
    "vs30": 760,
    "vsInf": true
    },
    {
    "name": "Test Site 2",
    "location": [-111.9, 40.75],
    "vs30": 760,
    "vsInf": true
    }
  ]
}